{
 "mean_readout": {
  "basin": -1,
  "saddle_proximity": 0.16586787564278527,
  "lambda_running": -1.506518667053019,
  "steps_to_switch": 37,
  "will_flip": false,
  "n_switches": 0
 },
 "marginal": {
  "basin_p": [
   0.6165413533834587,
   0.38345864661654133
  ],
  "saddle": [
   0.16586787564278527,
   0.22415831584838475
  ],
  "lambda": [
   -1.506518667053019,
   1.2399975382836421
  ],
  "steps": [
   37.6390977443609,
   21.533447041775457
  ],
  "nsw": [
   0.2781954887218045,
   0.4481112082932733
  ],
  "flip_p": 0.3383458646616541
 }
}